Keyword,Day Position,Current Position
honeymoon dress andaman,0,1
andaman world travels,0,1
romantic dresses for honeymoon in andaman,0,1
andaman world travels pvt. ltd.,0,1
andaman world travels pvt. ltd,0,1
andaman world travels pvt. ltd. reviews,0,2
andaman tours and travels port blair,0,3
Book Andaman Honeymoon Package 6 Nights & 7 Days,0,3
5 Nights 6 Days Andaman Honeymoon Package Couples,0,3
book scuba diving havelock swaraj dweep package,0,3
best Underwater Sea Walk at North Bay port blair package,0,3
best Underwater Sea Walk at North Bay port blair packages,0,3
Book 5 Nights 6 Days Andaman Honeymoon Package,0,4
6 nights 7 days Andaman Honeymoon Package Couples,0,4
6 nights 7 days andaman honeymoon package,0,5
6 nights 7 days andaman honeymoon package price,0,5
andaman and nicobar honeymoon package for 7 days,0,5
Underwater Sea Walk at North Bay port blair package,0,5
andaman honeymoon package for 7 days,0,6
scuba diving havelock swaraj dweep package,0,6
book best scuba diving at north bay island,0,6
4 nights 5 days andaman itinerary,0,7
andaman travels,0,7
Best 5 Nights 6 Days Andaman Honeymoon Package,0,7
andaman luxury tour travel 4 nights 5 days package,0,7
4 Nights 5 Days Andaman Family Tour Package,0,7
6 nights 7 days honeymoon packages for andaman nicobar,0,7
5 Nights 6 Days Andaman Honeymoon Package,0,7
4 Nights 5 Days Andaman Family Package,0,7
andaman budget tour travel 4 nights 5 days package,0,7
best Scuba Diving in North Bay Island,0,7
book Scuba Diving in North Bay Island,0,7
booking Scuba Diving in North Bay Island,0,7
book Scuba Diving Havelock Swaraj Dweep,0,7
Snorkeling in Andaman Island online booking,0,7
andaman local tour operator,0,8
best itinerary for andaman for 4 nights,0,8
andaman itinerary for 4 nights,0,8
andaman 4 nights 5 days package,0,8
4 night 5 days andaman package,0,8
7 nights 8 days andaman honeymoon package,0,8
4 nights andaman package,0,8
4 nights 5 days andaman package,0,8
andaman tour package 2 nights 3 days,0,8
andaman nicobar 4 nights 5 days package,0,8
Best 6 nights 7 days Andaman Honeymoon Package,0,8
Andaman 4 Nights 5 Days tour package,0,8
andaman tour 4 nights 5 days,0,8
5 Nights 6 Days Andaman Honeymoon Tour,0,8
6 nights 7 days Andaman Honeymoon Tour Package,0,8
Scuba Diving Havelock Swaraj Dweep,0,8
book Scuba Diving in North Bay Island package,0,8
best scuba diving in neil island packages online booking,0,8
Book Scuba Diving at North Bay Island,0,8
andaman local tour operators,0,9
andaman tour operators in port blair,0,9
andaman nicobar local tour operators,0,9
andaman mangroves holidays : cab rental-port blair-havelock-neil,0,9
andaman tour package 4 nights 5 days,0,9
andaman honeymoon package 5th page 6th position,0,9
2 nights 3 days package in andaman,0,9
Andaman Islands - 4 Nights and 5 Days Tour Package,0,9
5 Nights 6 Days Andaman Honeymoon Tour Package,0,9
andaman 5 days package,0,9
andaman honeymoon package 4 night 5 days,0,9
best neil island scuba diving package online booking,0,9
andaman tours and travels,0,10
andaman tour operator,0,10
north bay underwater activity port blair photos,0,10
local tour operators in andaman,0,10
andaman tour operator in andaman,0,10
local tour operators in andaman and nicobar islands,0,10
andaman tour agency,0,10
andaman 5 days tour packages,0,10
andaman package for 5 days,0,10
best Scuba Diving in North Bay Island package,0,10
booking scuba diving havelock swaraj dweep,0,10
book scuba diving at neil island packages,0,10
scuba diving in north bay island andaman package,0,10
Best Snorkeling Tours in Andaman and Nicobar,0,10
