Keyword,Position
honeymoon dress andaman,1
andaman world travels,1
romantic dresses for honeymoon in andaman,1
andaman world travels pvt. ltd.,1
andaman world travels pvt. ltd,1
andaman world travels pvt. ltd. reviews,2
andaman tours and travels port blair,3
Book Andaman Honeymoon Package 6 Nights & 7 Days,3
5 Nights 6 Days Andaman Honeymoon Package Couples,3
book scuba diving havelock swaraj dweep package,3
best Underwater Sea Walk at North Bay port blair package,3
best Underwater Sea Walk at North Bay port blair packages,3
Book 5 Nights 6 Days Andaman Honeymoon Package,4
6 nights 7 days Andaman Honeymoon Package Couples,4
6 nights 7 days andaman honeymoon package,5
6 nights 7 days andaman honeymoon package price,5
andaman and nicobar honeymoon package for 7 days,5
Underwater Sea Walk at North Bay port blair package,5
andaman honeymoon package for 7 days,6
scuba diving havelock swaraj dweep package,6
book best scuba diving at north bay island,6
4 nights 5 days andaman itinerary,7
andaman travels,7
Best 5 Nights 6 Days Andaman Honeymoon Package,7
andaman luxury tour travel 4 nights 5 days package,7
4 Nights 5 Days Andaman Family Tour Package,7
6 nights 7 days honeymoon packages for andaman nicobar,7
5 Nights 6 Days Andaman Honeymoon Package,7
4 Nights 5 Days Andaman Family Package,7
andaman budget tour travel 4 nights 5 days package,7
best Scuba Diving in North Bay Island,7
book Scuba Diving in North Bay Island,7
booking Scuba Diving in North Bay Island,7
book Scuba Diving Havelock Swaraj Dweep,7
Snorkeling in Andaman Island online booking,7
andaman local tour operator,8
best itinerary for andaman for 4 nights,8
andaman itinerary for 4 nights,8
andaman 4 nights 5 days package,8
4 night 5 days andaman package,8
7 nights 8 days andaman honeymoon package,8
4 nights andaman package,8
4 nights 5 days andaman package,8
andaman tour package 2 nights 3 days,8
andaman nicobar 4 nights 5 days package,8
Best 6 nights 7 days Andaman Honeymoon Package,8
Andaman 4 Nights 5 Days tour package,8
andaman tour 4 nights 5 days,8
5 Nights 6 Days Andaman Honeymoon Tour,8
6 nights 7 days Andaman Honeymoon Tour Package,8
Scuba Diving Havelock Swaraj Dweep,8
book Scuba Diving in North Bay Island package,8
best scuba diving in neil island packages online booking,8
Book Scuba Diving at North Bay Island,8
andaman local tour operators,9
andaman tour operators in port blair,9
andaman nicobar local tour operators,9
andaman mangroves holidays : cab rental-port blair-havelock-neil,9
andaman tour package 4 nights 5 days,9
andaman honeymoon package 5th page 6th position,9
2 nights 3 days package in andaman,9
Andaman Islands - 4 Nights and 5 Days Tour Package,9
5 Nights 6 Days Andaman Honeymoon Tour Package,9
andaman 5 days package,9
andaman honeymoon package 4 night 5 days,9
best neil island scuba diving package online booking,9
andaman tours and travels,10
andaman tour operator,10
north bay underwater activity port blair photos,10
local tour operators in andaman,10
andaman tour operator in andaman,10
local tour operators in andaman and nicobar islands,10
andaman tour agency,10
andaman 5 days tour packages,10
andaman package for 5 days,10
best Scuba Diving in North Bay Island package,10
booking scuba diving havelock swaraj dweep,10
book scuba diving at neil island packages,10
scuba diving in north bay island andaman package,10
Best Snorkeling Tours in Andaman and Nicobar,10
tour operator in andaman,11
andaman tours & travels,11
andaman tour operators,11
andaman car rental,11
car rental in havelock island,11
tour operator in andaman nicobar,11
andaman honeymoon tour travel 4 nights 5 days package,11
andaman travel agents list,12
best local tour operators in andaman,12
andaman & nicobar tour package 3 days,12
Scuba Diving in North Bay Island,12
andaman tour and travels,13
best tour operators in port blair,13
tour operators in andaman,13
best andaman tour operators,13
port blair packages for couple,14
best tour operator in andaman,14
local travel agents in andaman,14
6 Nights 7 Days Honeymoon package in india,14
best tour operators in andaman,14
3 days holiday,15
honeymoon package for andaman nicobar,15
car rental in andaman,15
honeymoon package to andaman,15
andaman tour package for couple,15
honeymoon to andaman,15
travel agencies in andaman and nicobar islands india,15
tour operators in port blair,15
port blair honeymoon package,16
seakart andaman,16
scuba diving in neil island,16
honeymoon package in andaman,16
andaman experts. com (a product of lrdmc travel india pvt ltd),16
andaman family tour packages,17
best tour operator service in andaman,17
scuba diving in port blair,17
andaman honeymoon tour packages,17
honeymoon trip to andaman,17
andaman travel agency,17
port blair car rental,17
andaman travel agents,17
andaman family tour package,19
andaman package for 2 person,19
andaman nicobar honeymoon package,19
andaman couple tour packages,19
honeymoon packages port blair,20
andaman car rent,20
andaman nicobar honeymoon package price,20
andaman honeymoon package cost,20
honeymoon package in andaman & nicobar islands,20
andaman honeymoon packages,20
andaman and nicobar islands honeymoon packages,20
andaman package for couple,20
andamans honeymoon packages,20
andaman nicobar package for couple,20
andaman nicobar trip cost for couple,21
parasailing in andaman,21
andaman itinerary for 5 days,21
sea walk in andaman price,21
car hire in port blair,21
honeymoon packages of andaman and nicobar,21
honeymoon packages andaman,21
Andaman 5 Nights 6 Days tour package,21
car rental in port blair,22
tour package honeymoon andaman nicobar,22
places to visit in andaman in 6 days,22
adventure sports in andaman,22
andaman local tour packages,22
andaman honeymoon package,22
best time to visit andaman in 2022,23
port blair honeymoon packages,23
snorkeling in andaman,23
andaman and nicobar package for couple,23
honeymoon in andaman,23
havelock island club mahindra,23
andaman nicobar couple package,23
seawalk in andaman,23
bay walk port blair,24
andaman and nicobar islands honeymoon package,24
port blair scuba diving,24
andaman family package,24
club mahindra havelock island,24
price andaman honeymoon package,25
andaman and nicobar island honeymoon package,25
andaman n nicobar honeymoon package,25
andaman honeymoon,25
neil island tour packages for family,25
andaman travel,25
andaman and nicobar best time to visit,26
club mahindra havelock,26
andaman honeymoon tour package,26
andaman tourist season,26
andaman and nicobar islands tour packages for couple,26
honeymoon in andamans,26
holiday package to andaman,26
best time to visit andaman for honeymoon,26
island honeymoon andaman,27
andaman honeymoon packages with flight,27
couple packages for andaman,27
places to visit in andaman and nicobar in 5 days,27
best time to visit andaman islands,27
honeymoon packages to andaman,27
andaman and nicobar islands water sports,27
andaman tour travel,27
andaman family packages,27
andaman best travel agency,27
andaman honeymoon package cruise,27
honeymoon packages for andaman,28
andaman nicobar islands honeymoon package,28
snorkelling in andaman,28
how to plan honeymoon in andaman,28
honeymoon packages in andaman with prices,28
best honeymoon packages in andaman,28
andaman nicobar season,28
honeymoon packages for port blair,29
places to visit in andaman in 5 days,29
andaman season,29
snorkeling scuba diving in andaman,29
water sports in andaman nicobar,29
andaman islands honeymoon packages,29
andaman and nicobar season,29
andaman travel agent,29
andaman for honeymoon,29
andaman family tours,29
awt-078,29
andaman and nicobar islands best time to visit,30
andaman couple packages,30
andaman & nicobar islands honeymoon packages,30
honeymoon at andaman,30
travel agent in andaman,30
andaman nicobar best time to visit,31
andaman and nicobar honeymoon package,31
best time to visit andaman and nicobar islands,31
water sports in andaman,31
honeymoon in andaman and nicobar,31
price scuba diving in andaman,31
scuba in havelock,31
andaman and nicobar travel package,31
havelock island honeymoon package,31
holiday package for andaman and nicobar,31
andaman and nicobar tour packages for family,31
havelockisland tour packages for family,31
best travel agency in andaman,32
andaman tour packages for couple,32
best time for andaman tour,32
port blair honeymoon,32
underwater walking in andaman,32
best time to visit andaman nicobar,33
travel agent andaman,33
andaman and nicobar tour package for couple,33
is andaman good for honeymoon,33
honeymoon packages in andaman,33
best time to visit andaman n nicobar,33
best time to visit andaman & nicobar,33
best time to visit andaman n nicobar island,33
best time to visit andaman n nicobar islands,33
andaman and nicobar islands tourism best time to visit,33
best time to visit andaman and nicobar,33
honeymoon andaman nicobar,33
andaman family tours packages,33
best andaman tour packages,33
places to visit in andaman in 3 days,34
best time to visit andaman & nicobar islands,34
scuba diving in india andaman,34
andaman time to visit,34
time to visit andaman,34
best time to go andaman and nicobar islands,34
andaman nicobar for honeymoon,34
best month to visit andaman,35
best time to visit andaman nicobar islands,35
andaman and nicobar honeymoon,35
port blair club mahindra,35
andaman and nicobar islands best time,35
andaman scuba diving packages,35
andaman nicobar 5 days package,35
honeymoon packages andaman and nicobar islands,36
andaman and nicobar couple packages,36
andaman nicobar island honeymoon package,36
travel agent for andaman,36
best season to visit andaman and nicobar islands,36
best time to visit andamans,36
best season to visit andaman and nicobar,36
andaman packages for couples,36
andaman visit best time,36
makruzz premium class,36
andaman tour best time,36
best time visit andaman nicobar islands,36
peak season in andaman,36
best time to visit andaman,36
andaman package for honeymoon,36
best time to go andaman and nicobar,36
best season for andaman and nicobar,36
andaman holiday package,37
scuba diving cost in andaman,37
andaman season to visit,37
best season for andaman,37
andaman and nicobar islands best time to go,37
honeymoon packages for andaman & nicobar islands,37
andaman best time to visit,38
andaman and nicobar trip cost,38
best tour packages for andaman,38
best time to andaman,38
andaman trip cost for couple,38
good time to visit andaman,38
andaman best season to visit,38
water sports in port blair,38
best season to visit andaman nicobar,38
andaman nicobar best season to visit,38
port blair tour packages for family,38
andaman and nicobar islands honeymoon,39
honeymoon havelock island,39
andaman nicobar tour package for couple,39
season to visit andaman,39
andaman and nicobar islands package cost,39
andaman cruise honeymoon packages,39
ideal time to visit andaman,39
tour packages for andaman and nicobar islands,39
4 days honeymoon packages in india,39
andaman honeymoon packages make my trip,40
honeymoon andaman tour,40
nautika cruise port blair,40
andaman nicobar holiday package,40
andaman best time,40
scuba diving in andaman cost,40
what is the best time to visit andaman,40
best andaman honeymoon packages,40
andaman and nicobar honeymoon packages,40
best time to visit andaman port blair,40
andaman and nicobar honeymoon package price,40
andaman and nicobar islands trip package,40
andaman and nicobar holiday package,40
best season to visit andaman,40
andaman honeymoon trip,40
andaman scuba diving cost,41
places to visit in andaman in 7 days,41
best time to go andaman,41
best time to travel andaman,41
cab service in andaman,41
best package for andaman,41
andaman nicobar package price,41
best weather to visit andaman,41
best time to visit andaman & nicobar island,41
honeymoon packages for andaman with prices,41
best time for andaman,42
andaman and nicobar islands flight price,42
scuba diving andaman islands,42
andaman nicobar islands honeymoon packages,42
is andaman expensive,42
tour packages to andaman,42
andaman tourism packages price,42
andaman island honeymoon packages,42
honeymoon packages for andaman nicobar,42
honeymoon six,42
heritage mnr port blair,43
6 nights 7 days,43
5 days honeymoon packages in india,43
andaman and nicobar travel packages,43
scuba diving andaman cost,43
best honeymoon packages for andaman and nicobar islands,43
port blair for honeymoon,43
best package for andaman tour,43
honeymoon andaman package,43
scuba diving in andaman price,44
mv harshavardhana cruise to andaman,44
north bay andaman,44
port blair holiday package,44
andaman nicobar honeymoon packages,44
port blair tour package cost,44
honeymoon packages to andaman and nicobar,44
tour packages for andaman nicobar,45
andaman holiday packages,45
water activities in andaman,45
andaman nicobar islands tour package,45
andaman trip cost per person,45
andbar nicobar tour package,45
swaraj 5 star,45
andaman nicobar tour package price,45
honeymoon dresses for andaman,45
andaman packages for couple,46
andaman tourism website,46
best andaman tour package,46
andaman nicobar island packages,46
andaman and nicobar for honeymoon,46
andaman nicobar trip cost,46
best time to visit andaman nicobar island,46
honeymoon packages andaman nicobar islands price,46
4 nights,46
best time to go andaman nicobar,46
holiday packages for andaman,46
when to visit andaman,46
andaman holiday tour packages,46
andaman honeymoon places,46
best travel agent in andaman,46
andaman and nicobar islands tourism package,47
sea walk in andaman,47
andaman cab services,47
honeymoon days,47
nemo reef havelock island,47
kayaking andaman,47
honeymoon nights,47
best time to go to andaman and nicobar,47
packages for andaman and nicobar islands tourism,47
andaman and nicobar islands for honeymoon,47
holiday packages to andaman,47
veena world andaman tours detail,47
sea walking andaman,47
best scuba diving in havelock,47
havelock island beach resort price,48
3 day holiday,48
honeymoon andaman,48
honeymoon island andaman nicobar,48
best time to go to andaman and nicobar islands,48
best season to go to andaman,48
places to visit in andaman and nicobar islands for honeymoon,48
andaman honeymoon packages prices,48
andaman islands all inclusive holidays,48
honeymoon andaman and nicobar islands,48
honeymoon packages andaman nicobar,48
andaman trip package,49
port blair tourism packages,49
andaman and nicobar package tour,49
scuba diving in andaman nicobar,50
andaman and nicobar islands trip cost,50
andaman nicobar island package,50
andaman and nicobar flight price,50
andaman island tour packages,50
best time to travel to andaman,50
package for andaman,50
www andaman,50
beach underwater,50
ocean pearl havelock,50
honeymoon packages of andaman,50
us honeymoon package,51
need passport for andaman,51
package for andaman and nicobar,51
scuba diving in havelock,52
honeymoon places in andaman,52
places to visit in andaman for honeymoon,52
andaman and nicobar islands trip,52
andaman rainy season,52
andaman nicobar trip package,52
how much does a trip to andaman cost,52
andaman holidays packages,52
packages for andaman and nicobar,52
honeymoon andaman packages,52
package for andaman nicobar,52
tour package for andaman & nicobar,52
best time to go to andaman,53
havelock island honeymoon,53
cost of andaman trip,53
trip to andaman and nicobar,53
andaman islands tourism packages,53
package for andaman and nicobar island,53
andaman nicobar honeymoon,53
andaman and nicobar islands package,54
rainy season in andaman,54
andaman island tour package,54
havelock dweep,54
andaman tourism department,54
travel packages to andaman & nicobar,54
andaman tour package without airfare,54
andaman and nicobar holiday packages,54
blair rental cars,54
scuba diving in andaman and nicobar,55
havelock deep,55
andaman water sports,55
andaman and nicobar islands tour packages cost,55
scuba diving in andaman,55
seawalk in havelock,55
andaman nicobar tourist package,55
havelock scuba diving,56
itt majestic,56
light and sound show andaman,56
port blair hotels 5 star,56
andaman & nicobar islands packages,56
andaman nicobar honeymoon place,56
havelock island trip cost,57
andaman honeymoon package with flight,57
carbon cove beach,57
budget hotels in havelock island,57
best time to visit andaman with family,57
seeingo.in,57
andaman and nicobar islands packages,58
andaman honeymoon packages from mumbai,58
andaman islands rainy season,58
scuba dive in andaman,58
andaman nicobar package,58
places in andaman for honeymoon,58
andaman and nicobar package,59
andaman nicobar travel,59
honeymoon romantic andaman nicobar,59
tour package to andaman,59
cost of trip to andaman and nicobar islands,59
package of andaman and nicobar,59
is passport required for andaman and nicobar islands from india,59
andaman tourist package,59
andaman and nicobar tour package,60
port blair to havelock cruise,60
4 star hotels in port blair,60
andaman flight price,60
andaman for honeymoon reviews,60
andaman and nicobar scuba diving,60
cab service in port blair,60
andaman package price,60
andaman and nicobar islands passport required,60
tour to andaman nicobar islands,60
andaman nicobar tour package,60
andaman tour online booking,60
2 days holiday package,61
andaman vacation,61
andaman beach photos,61
travel andaman,61
andaman packages for honeymoon,61
havelock island hotels,62
hotels in havelock island,62
itinerary for andaman,62
5 star hotels in havelock island,62
water sports in havelock island,62
andaman nicobar beach at night,62
tour packages to andaman and nicobar islands,62
tour package for andaman nicobar,62
andaman and nicobar tour packages,62
coral cove port blair,62
andaman nicobar trip,63
scuba diving in havelock island,63
trip to andaman and nicobar cost,63
hotels at havelock island,63
andaman nicobar 5 star hotels,63
andaman need passport,63
seakart adventure,63
andaman and nicobar islands tour,63
andaman and nicobar honeymoon places,63
andaman n nicobar package,63
andaman nicobar flight price,63
andaman island tour,63
sea walk price in andaman,63
andaman tour plan,64
andaman holidays,64
andaman scuba,64
best hotels in neil island,64
andaman tour packages for students,64
andaman and nicobar time,64
havelock island tour package,64
andaman nicobar trip budget,64
best cruise from port blair to havelock,64
andaman sightseeing packages,64
andaman and nicobar islands honeymoon india,64
andaman packages honeymoon,64
neil island hotels,65
andaman tour package cost,65
andaman nicobar flight ticket price,65
scuba diving andaman,65
what to wear in andaman,65
port blair 5 star hotels,65
hotels in neil island andaman,65
andaman hotel packages,65
hotels in havelock,66
andaman scuba diving,66
scuba diving can be associated with,66
3 star hotels in port blair,66
andaman islands package,66
andaman family tour package from chennai,66
andaman honeymoon tour,66
packages for andaman,66
andaman island packages,66
andaman family tour packages from chennai,66
best honeymoon packages in world,67
spa in port blair,67
andaman nicobar trip price,67
dress for andaman trip,67
havelock island beach resort images,67
andaman nicobar travel packages,67
andaman and nicobar islands tour packages,68
5 star hotels in andaman and nicobar islands,68
andaman and nicobar flight,68
trip to andaman and nicobar island,68
places to stay in andaman,68
andaman tourism official website,68
trip to andaman cost,68
hotels in andaman nicobar islands,69
best hotels in andaman and nicobar islands,69
budget hotels in port blair with tariff,69
andaman holiday,69
andaman and nicobar packages,70
best hotels in havelock island,70
best hotels in havelock,70
andaman islands packages,70
andaman nicobar need passport,70
andaman nicobar passport required,70
five star hotels in port blair,70
best places to stay in havelock island,70
andaman and nicobar islands travel,71
andaman island package,71
bioluminescence in havelock island,71
tour packages port blair,71
andaman tour packages from pune,72
tour packages for andaman,72
andaman tour cost,72
flight for port blair,72
5 night,72
hotels in havelock island india,72
andaman & nicobar tour packages,72
port blair to havelock island distance,72
andaman and nicobar trip packages,72
andaman and nicobar trip,73
macruz,73
makruz,73
things to do in andaman for honeymoon,73
andaman and nicobar islands itinerary,73
port blair to havelock cruise price,73
5 star resorts in port blair,73
island in port blair,74
5 star hotel in andaman and nicobar,74
best resort in andaman for honeymoon,74
flight for andaman and nicobar,74
shaheed island,74
port blair tour packages,74
4 star hotels in andaman,74
havelock island accommodation,74
andbar nicobar package,74
resorts at port blair,74
trip to andaman and nicobar islands by ship,74
luxury hotels in andaman and nicobar islands,74
andaman tourism packages,74
andaman tour package,75
hotels in port blair near beach,75
hotels in havelock island andaman,75
port blair havelock island beach resort,75
budget hotels in port blair,75
does andaman and nicobar need passport,75
holiday in andaman and nicobar islands,75
places to stay in port blair,75
holiday homes in andaman,75
hotel at neil island andaman,75
makruzz ship,75
best hotels in port blair,76
havelock hotels,76
andaman trip cost,76
neil island beach resort,76
night kayaking havelock,76
port blair to havelock cruise fare,76
time in andaman,76
hotels in havelock india,76
andaman city tour,76
andaman package tour cost,76
distance from port blair to neil island,76
andaman luxury tour packages,76
andaman trip,77
weather port blair andaman and nicobar islands,77
cellular jail light and sound show,77
port blair to havelock distance,77
markuzz,77
nicobar island hotels,77
havelock island beach resort andaman and nicobar islands,77
safari stone price,77
andaman and nicobar islands tour packages by ship,77
honeymoon andaman and nicobar islands india,77
8days,78
scuba andaman,78
hotels in havelock andaman,78
coral cove andaman,78
holiday in andaman,78
tour to andaman and nicobar,78
havelock island resort,79
trip to andaman,79
flight to andaman nicobar,79
andaman and nicobar best hotels,79
underwater walking,79
andaman and nicobar island hotels,79
port blair things to do,79
makruzz contact number,79
how to travel from port blair to havelock,79
andaman and nicobar package for family,80
andaman nicobar honeymoon places,80
elephant beach havelock,80
best resort in neil island,80
andaman nicobar islands tour packages,80
havelock light,80
andaman nicobar hotels near beach,80
andaman climate today,80
andaman tour package by ship,80
port blair packages,80
andaman nicobar package for family,81
hotels in andaman port blair,81
andaman package tour,81
port blair trip,81
visit andaman and nicobar islands,81
sea port port blair,81
dolphin havelock,81
andaman islands holiday packages,81
mali dweep,82
travel package for andaman,82
best islands in andaman,82
swaraj dweep ship,82
best hotel in andaman and nicobar,82
andaman islands tour packages,82
night kayaking in havelock,82
night kayaking in andaman,82
neil island weather,82
mv harshavardhana ship,82
neil island to port blair distance,82
north bay island andaman,82
andaman tour packages,82
andaman nicobar packages,82
port blair tour package,83
best hotel in andaman nicobar,83
shaheed dweep,83
port blair tour,83
andman trip,83
andaman tour,83
andaman and nicobar islands hotels,84
best time to visit andaman for scuba diving,84
havelock island to neil island distance,84
package tour to andaman,84
andaman nicobar cruise cost,84
weather havelock island,84
havelock island beach resort,84
???????? ?????,85
best hotels port blair,85
havelock island at night,85
best hotels in andaman for honeymoon,85
trip to port blair,85
port blair package,85
native trekking,85
online booking of light and sound show at cellular jail,85
honeymoon plan,86
havlock island beach resort,86
andaman nicobar island resort,86
andaman nicobar travel package,86
ambience holidays,86
travel to andaman and nicobar,86
port blair packages for family,86
chidiya tapu port blair,86
andaman trip packages,86
havelock island beach resort havelock,86
havelock to neil island distance,86
andaman package,86
4 night,86
things to do in havelock islands,86
???????? ?????,86
havelock beach andaman,86
andaman flight tickets,86
natural coral bridge,86
andaman tourism,86
swarajya dwip,86
havelock port blair,87
andaman experience,87
andaman nicobar ship ticket price,87
beach in port blair,87
weather in havelock island,87
distance from havelock to neil island,87
havelock to port blair,87
tour to andaman,87
limestone cave baratang,87
islands to visit in andaman,87
port blair tourism,87
andaman itinerary,87
andaman activities,87
radhanagar beach havelock,87
port blair havelock island,87
port blair to havelock,87
andaman cruise package,87
best place to visit andaman,87
hotels in andaman and nicobar islands,88
things to do in havelock island,88
natural bridge neil island,88
andaman time,88
beach andaman,88
blue sea port blair,88
hotels in andaman nicobar,88
andaman and nicobar islands beach,88
hotel at havelock island andaman,88
cave ayurveda,88
andaman honeymoon resorts,88
andaman ltc packages,88
port blair climate,88
andman nicobar package,88
weather andaman and nicobar islands,88
andaman tourism package,88
corbyn cove beach,88
daman tour package,88
things to do in port blair,89
scuba diving havelock,89
beaches in port blair,89
neil island beach,89
weather of andaman and nicobar,89
3 nights,89
adventure water sports,89
how to visit andaman and nicobar islands,89
port blair cellular jail sound and light show,89
cellular jail andaman light show,89
andaman jail photos,89
cheapest honeymoon packages,89
andaman sightseeing,89
andaman tours,89
andaman and nicobar islands weather,89
light and sound show port blair,89
how to travel to andaman and nicobar islands,89
best time to visit port blair,89
best islands to visit in andaman,89
best places in port blair,89
tourist places andaman and nicobar islands,89
best resort in port blair,89
andaman flight,89
andaman port blair,89
laxmanpur beach,89
andaman and nicobar sightseeing,89
corbin cove beach,89
andaman packages,90
honeymoon andaman and nicobar hotels,90
kayaking in havelock,90
ship travel to andaman,90
andaman ship travel,90
andaman nicobar best hotels,90
hotels in andaman near beach,90
andaman and nicobar passport required,90
coral island tour price,90
havelock island elephant beach,90
best resort in andaman and nicobar,90
things to do in andaman and nicobar,90
cruise from port blair to havelock,90
best time to visit havelock island,90
luxury hotels in andaman,90
coral safari andaman,90
cruise in port blair,90
place to visit andaman and nicobar islands,90
tourism in port blair,90
ferries in andaman,90
havelock island andaman nicobar,90
elephant beach at havelock island,90
port blair tourist spots,90
havelock sightseeing,90
elephant beach havelock island,90
visiting places in port blair,90
andaman and nicobar tour,91
port blair to havelock island,91
andaman nicobar islands package,91
island cove port blair,91
andaman passport required,91
andaman and nicobar things to do,91
holiday home at port blair,91
andaman nicobar tour packages,91
best beaches in port blair,91
